shift,A,cluster,peaks,Hs,config
3.5371,4.2407,c5,6,2,beta F
3.53727,4.424,c5,6,2,beta F
3.53744,4.60731,c5,6,2,beta F
3.5376,4.81252,c5,6,2,beta F
3.53777,5.01773,c5,6,2,beta F
3.53794,5.25063,c5,6,2,beta F
3.53811,5.53886,c5,6,2,beta F
3.53827,5.87265,c5,6,2,beta F
3.53844,6.26178,c5,6,2,beta F
3.53861,6.66879,c5,6,2,beta F
3.53878,7.10347,c5,6,2,beta F
3.53895,7.58924,c5,6,2,beta F
3.53911,8.16727,c5,6,2,beta F
3.53928,8.8704,c5,6,2,beta F
3.53945,9.70268,c5,6,2,beta F
3.53962,10.6364,c5,6,2,beta F
3.53978,11.6993,c5,6,2,beta F
3.53995,12.9075,c5,6,2,beta F
3.54012,14.2449,c5,6,2,beta F
3.54029,15.7223,c5,6,2,beta F
3.54046,17.292,c5,6,2,beta F
3.54062,18.9533,c5,6,2,beta F
3.54079,20.6424,c5,6,2,beta F
3.54096,22.2714,c5,6,2,beta F
3.54113,23.6607,c5,6,2,beta F
3.54129,24.6394,c5,6,2,beta F
3.54146,25.12,c5,6,2,beta F
3.54163,25.0509,c5,6,2,beta F
3.5418,24.4376,c5,6,2,beta F
3.54197,23.3474,c5,6,2,beta F
3.54213,21.8606,c5,6,2,beta F
3.5423,20.1173,c5,6,2,beta F
3.54247,18.2725,c5,6,2,beta F
3.54264,16.4772,c5,6,2,beta F
3.5428,14.8203,c5,6,2,beta F
3.54297,13.3459,c5,6,2,beta F
3.54314,12.0652,c5,6,2,beta F
3.54331,10.9806,c5,6,2,beta F
3.54348,10.0897,c5,6,2,beta F
3.54364,9.37053,c5,6,2,beta F
3.54381,8.78977,c5,6,2,beta F
3.54398,8.32318,c5,6,2,beta F
3.54415,7.92115,c5,6,2,beta F
3.54431,7.57833,c5,6,2,beta F
3.54448,7.30009,c5,6,2,beta F
3.54465,7.10198,c5,6,2,beta F
3.54482,6.95,c5,6,2,beta F
3.54499,6.8228,c5,6,2,beta F
3.54515,6.69561,c5,6,2,beta F
3.54532,6.59321,c5,6,2,beta F
3.54549,6.53693,c5,6,2,beta F
3.54566,6.50632,c5,6,2,beta F
3.54582,6.50337,c5,6,2,beta F
3.54599,6.53386,c5,6,2,beta F
3.54616,6.56436,c5,6,2,beta F
3.54633,6.65078,c5,6,2,beta F
3.54649,6.73719,c5,6,2,beta F
3.54666,6.85129,c5,6,2,beta F
3.54683,6.96538,c5,6,2,beta F
3.547,7.09804,c5,6,2,beta F
3.54717,7.2307,c5,6,2,beta F
3.54733,7.40948,c5,6,2,beta F
3.5475,7.58827,c5,6,2,beta F
3.54767,7.81433,c5,6,2,beta F
3.54784,8.04039,c5,6,2,beta F
3.548,8.33102,c5,6,2,beta F
3.54817,8.62165,c5,6,2,beta F
3.54834,8.94804,c5,6,2,beta F
3.54851,9.27441,c5,6,2,beta F
3.54868,9.64231,c5,6,2,beta F
3.54884,10.0563,c5,6,2,beta F
3.54901,10.5378,c5,6,2,beta F
3.54918,11.0654,c5,6,2,beta F
3.54935,11.6299,c5,6,2,beta F
3.54951,12.2405,c5,6,2,beta F
3.54968,12.8982,c5,6,2,beta F
3.54985,13.602,c5,6,2,beta F
3.55002,14.3727,c5,6,2,beta F
3.55019,15.2448,c5,6,2,beta F
3.55035,16.2311,c5,6,2,beta F
3.55052,17.3558,c5,6,2,beta F
3.55069,18.6281,c5,6,2,beta F
3.55086,20.0756,c5,6,2,beta F
3.55102,21.7088,c5,6,2,beta F
3.55119,23.5542,c5,6,2,beta F
3.55136,25.6705,c5,6,2,beta F
3.55153,28.1282,c5,6,2,beta F
3.5517,30.964,c5,6,2,beta F
3.55186,34.2335,c5,6,2,beta F
3.55203,38.0114,c5,6,2,beta F
3.5522,42.3521,c5,6,2,beta F
3.55237,47.3315,c5,6,2,beta F
3.55253,52.9843,c5,6,2,beta F
3.5527,59.352,c5,6,2,beta F
3.55287,66.43,c5,6,2,beta F
3.55304,74.1342,c5,6,2,beta F
3.55321,82.2904,c5,6,2,beta F
3.55337,90.5884,c5,6,2,beta F
3.55354,98.6189,c5,6,2,beta F
3.55371,105.883,c5,6,2,beta F
3.55388,111.79,c5,6,2,beta F
3.55404,115.735,c5,6,2,beta F
3.55421,117.273,c5,6,2,beta F
3.55438,116.201,c5,6,2,beta F
3.55455,112.555,c5,6,2,beta F
3.55472,106.641,c5,6,2,beta F
3.55488,98.9652,c5,6,2,beta F
3.55505,90.1745,c5,6,2,beta F
3.55522,80.9501,c5,6,2,beta F
3.55539,71.8619,c5,6,2,beta F
3.55555,63.3178,c5,6,2,beta F
3.55572,55.5856,c5,6,2,beta F
3.55589,48.8035,c5,6,2,beta F
3.55606,42.9716,c5,6,2,beta F
3.55623,37.9976,c5,6,2,beta F
3.55639,33.782,c5,6,2,beta F
3.55656,30.2398,c5,6,2,beta F
3.55673,27.2615,c5,6,2,beta F
3.5569,24.7536,c5,6,2,beta F
3.55706,22.6309,c5,6,2,beta F
3.55723,20.8126,c5,6,2,beta F
3.5574,19.2503,c5,6,2,beta F
3.55757,17.9002,c5,6,2,beta F
3.55773,16.7076,c5,6,2,beta F
3.5579,15.6718,c5,6,2,beta F
3.55807,14.7917,c5,6,2,beta F
3.55824,14.0499,c5,6,2,beta F
3.55841,13.4224,c5,6,2,beta F
3.55857,12.8594,c5,6,2,beta F
3.55874,12.3909,c5,6,2,beta F
3.55891,12.0239,c5,6,2,beta F
3.55908,11.7469,c5,6,2,beta F
3.55924,11.5344,c5,6,2,beta F
3.55941,11.3531,c5,6,2,beta F
3.55958,11.2179,c5,6,2,beta F
3.55975,11.1328,c5,6,2,beta F
3.55992,11.1124,c5,6,2,beta F
3.56008,11.1432,c5,6,2,beta F
3.56025,11.174,c5,6,2,beta F
3.56042,11.2262,c5,6,2,beta F
3.56059,11.306,c5,6,2,beta F
3.56075,11.4211,c5,6,2,beta F
3.56092,11.5637,c5,6,2,beta F
3.56109,11.7133,c5,6,2,beta F
3.56126,11.8906,c5,6,2,beta F
3.56143,12.1152,c5,6,2,beta F
3.56159,12.4228,c5,6,2,beta F
3.56176,12.8076,c5,6,2,beta F
3.56193,13.2939,c5,6,2,beta F
3.5621,13.8644,c5,6,2,beta F
3.56226,14.5179,c5,6,2,beta F
3.56243,15.2556,c5,6,2,beta F
3.5626,16.1132,c5,6,2,beta F
3.56277,17.1276,c5,6,2,beta F
3.56294,18.3173,c5,6,2,beta F
3.5631,19.6964,c5,6,2,beta F
3.56327,21.2876,c5,6,2,beta F
3.56344,23.1279,c5,6,2,beta F
3.56361,25.2726,c5,6,2,beta F
3.56377,27.7505,c5,6,2,beta F
3.56394,30.5698,c5,6,2,beta F
3.56411,33.75,c5,6,2,beta F
3.56428,37.3084,c5,6,2,beta F
3.56445,41.2381,c5,6,2,beta F
3.56461,45.4537,c5,6,2,beta F
3.56478,49.817,c5,6,2,beta F
3.56495,54.1526,c5,6,2,beta F
3.56512,58.2184,c5,6,2,beta F
3.56528,61.7214,c5,6,2,beta F
3.56545,64.3297,c5,6,2,beta F
3.56562,65.7664,c5,6,2,beta F
3.56579,65.8458,c5,6,2,beta F
3.56596,64.5139,c5,6,2,beta F
3.56612,61.8906,c5,6,2,beta F
3.56629,58.2248,c5,6,2,beta F
3.56646,53.8268,c5,6,2,beta F
3.56663,49.0322,c5,6,2,beta F
3.56679,44.1603,c5,6,2,beta F
3.56696,39.4821,c5,6,2,beta F
3.56713,35.1882,c5,6,2,beta F
3.5673,31.3832,c5,6,2,beta F
3.56747,28.089,c5,6,2,beta F
3.56763,25.2837,c5,6,2,beta F
3.5678,22.9028,c5,6,2,beta F
3.56797,20.9185,c5,6,2,beta F
3.56814,19.2767,c5,6,2,beta F
3.5683,17.9025,c5,6,2,beta F
3.56847,16.7545,c5,6,2,beta F
3.56864,15.8003,c5,6,2,beta F
3.56881,15.0052,c5,6,2,beta F
3.56897,14.3485,c5,6,2,beta F
3.56914,13.8197,c5,6,2,beta F
3.56931,13.3925,c5,6,2,beta F
3.56948,13.0332,c5,6,2,beta F
3.56965,12.7201,c5,6,2,beta F
3.56981,12.4436,c5,6,2,beta F
3.56998,12.2317,c5,6,2,beta F
3.57015,12.0763,c5,6,2,beta F
3.57032,11.9485,c5,6,2,beta F
3.57048,11.8565,c5,6,2,beta F
3.57065,11.8291,c5,6,2,beta F
3.57082,11.8812,c5,6,2,beta F
3.57099,11.9795,c5,6,2,beta F
3.57116,12.085,c5,6,2,beta F
3.57132,12.2183,c5,6,2,beta F
3.57149,12.408,c5,6,2,beta F
3.57166,12.6623,c5,6,2,beta F
3.57183,12.957,c5,6,2,beta F
3.57199,13.3163,c5,6,2,beta F
3.57216,13.7493,c5,6,2,beta F
3.57233,14.2469,c5,6,2,beta F
3.5725,14.8037,c5,6,2,beta F
3.57267,15.425,c5,6,2,beta F
3.57283,16.1177,c5,6,2,beta F
3.573,16.912,c5,6,2,beta F
3.57317,17.7881,c5,6,2,beta F
3.57334,18.7288,c5,6,2,beta F
3.5735,19.7664,c5,6,2,beta F
3.57367,20.9423,c5,6,2,beta F
3.57384,22.293,c5,6,2,beta F
3.57401,23.819,c5,6,2,beta F
3.57418,25.5514,c5,6,2,beta F
3.57434,27.5328,c5,6,2,beta F
3.57451,29.8014,c5,6,2,beta F
3.57468,32.4113,c5,6,2,beta F
3.57485,35.4282,c5,6,2,beta F
3.57501,38.8971,c5,6,2,beta F
3.57518,42.8734,c5,6,2,beta F
3.57535,47.4124,c5,6,2,beta F
3.57552,52.6248,c5,6,2,beta F
3.57569,58.6029,c5,6,2,beta F
3.57585,65.4262,c5,6,2,beta F
3.57602,73.1258,c5,6,2,beta F
3.57619,81.7237,c5,6,2,beta F
3.57636,91.1795,c5,6,2,beta F
3.57652,101.363,c5,6,2,beta F
3.57669,111.979,c5,6,2,beta F
3.57686,122.581,c5,6,2,beta F
3.57703,132.564,c5,6,2,beta F
3.5772,141.251,c5,6,2,beta F
3.57736,147.917,c5,6,2,beta F
3.57753,151.885,c5,6,2,beta F
3.5777,152.689,c5,6,2,beta F
3.57787,150.161,c5,6,2,beta F
3.57803,144.47,c5,6,2,beta F
3.5782,136.112,c5,6,2,beta F
3.57837,125.771,c5,6,2,beta F
3.57854,114.255,c5,6,2,beta F
3.57871,102.38,c5,6,2,beta F
3.57887,90.8145,c5,6,2,beta F
3.57904,80.0332,c5,6,2,beta F
3.57921,70.2963,c5,6,2,beta F
3.57938,61.731,c5,6,2,beta F
3.57954,54.3407,c5,6,2,beta F
3.57971,48.0481,c5,6,2,beta F
3.57988,42.7069,c5,6,2,beta F
3.58005,38.1682,c5,6,2,beta F
3.58021,34.3006,c5,6,2,beta F
3.58038,31.0142,c5,6,2,beta F
3.58055,28.2074,c5,6,2,beta F
3.58072,25.7973,c5,6,2,beta F
3.58089,23.7182,c5,6,2,beta F
3.58105,21.9065,c5,6,2,beta F
3.58122,20.3393,c5,6,2,beta F
3.58139,18.9843,c5,6,2,beta F
3.58156,17.8242,c5,6,2,beta F
3.58172,16.8209,c5,6,2,beta F
3.58189,15.9499,c5,6,2,beta F
3.58206,15.1988,c5,6,2,beta F
3.58223,14.5676,c5,6,2,beta F
3.5824,14.038,c5,6,2,beta F
3.58256,13.5832,c5,6,2,beta F
3.58273,13.1931,c5,6,2,beta F
3.5829,12.894,c5,6,2,beta F
3.58307,12.6964,c5,6,2,beta F
3.58323,12.5622,c5,6,2,beta F
3.5834,12.4742,c5,6,2,beta F
3.58357,12.4346,c5,6,2,beta F
3.58374,12.4595,c5,6,2,beta F
3.58391,12.5479,c5,6,2,beta F
3.58407,12.6824,c5,6,2,beta F
3.58424,12.8734,c5,6,2,beta F
3.58441,13.1474,c5,6,2,beta F
3.58458,13.489,c5,6,2,beta F
3.58474,13.9137,c5,6,2,beta F
3.58491,14.4306,c5,6,2,beta F
3.58508,15.0674,c5,6,2,beta F
3.58525,15.8253,c5,6,2,beta F
3.58542,16.7031,c5,6,2,beta F
3.58558,17.7135,c5,6,2,beta F
3.58575,18.8807,c5,6,2,beta F
3.58592,20.2304,c5,6,2,beta F
3.58609,21.7923,c5,6,2,beta F
3.58625,23.5906,c5,6,2,beta F
3.58642,25.6379,c5,6,2,beta F
3.58659,27.9545,c5,6,2,beta F
3.58676,30.5202,c5,6,2,beta F
3.58693,33.3349,c5,6,2,beta F
3.58709,36.3987,c5,6,2,beta F
3.58726,39.6581,c5,6,2,beta F
3.58743,43.019,c5,6,2,beta F
3.5876,46.3718,c5,6,2,beta F
3.58776,49.6047,c5,6,2,beta F
3.58793,52.5107,c5,6,2,beta F
3.5881,54.8724,c5,6,2,beta F
3.58827,56.4985,c5,6,2,beta F
3.58844,57.2482,c5,6,2,beta F
3.5886,57.0544,c5,6,2,beta F
3.58877,55.892,c5,6,2,beta F
3.58894,53.8221,c5,6,2,beta F
3.58911,50.9681,c5,6,2,beta F
3.58927,47.5191,c5,6,2,beta F
3.58944,43.7288,c5,6,2,beta F
3.58961,39.8197,c5,6,2,beta F
3.58978,35.9936,c5,6,2,beta F
3.58995,32.3529,c5,6,2,beta F
3.59011,28.9611,c5,6,2,beta F
3.59028,25.8785,c5,6,2,beta F
3.59045,23.1371,c5,6,2,beta F
3.59062,20.7278,c5,6,2,beta F
3.59078,18.6045,c5,6,2,beta F
3.59095,16.7302,c5,6,2,beta F
3.59112,15.0866,c5,6,2,beta F
3.59129,13.6722,c5,6,2,beta F
3.59145,12.433,c5,6,2,beta F
3.59162,11.3345,c5,6,2,beta F
3.59179,10.3559,c5,6,2,beta F
3.59196,9.49495,c5,6,2,beta F
3.59213,8.73545,c5,6,2,beta F
3.59229,8.07628,c5,6,2,beta F
3.59246,7.50013,c5,6,2,beta F
3.59263,7.00084,c5,6,2,beta F
3.5928,6.54767,c5,6,2,beta F
3.59296,6.14294,c5,6,2,beta F
3.59313,5.76588,c5,6,2,beta F
3.5933,5.41649,c5,6,2,beta F
3.59347,5.09478,c5,6,2,beta F
3.59364,4.79786,c5,6,2,beta F
3.5938,4.54706,c5,6,2,beta F
3.59397,4.31788,c5,6,2,beta F
3.59414,4.0887,c5,6,2,beta F
3.59431,3.89008,c5,6,2,beta F
3.59447,3.69146,c5,6,2,beta F
3.59464,3.54819,c5,6,2,beta F
3.59481,3.40492,c5,6,2,beta F
3.59498,3.26165,c5,6,2,beta F
3.59515,3.11837,c5,6,2,beta F
3.59531,2.99981,c5,6,2,beta F
3.59548,2.88125,c5,6,2,beta F
3.59565,2.76269,c5,6,2,beta F
3.59582,2.64413,c5,6,2,beta F
3.59598,2.56016,c5,6,2,beta F
3.59615,2.47619,c5,6,2,beta F
3.59632,2.39222,c5,6,2,beta F
3.59649,2.30825,c5,6,2,beta F
3.59666,2.2508,c5,6,2,beta F
3.59682,2.19336,c5,6,2,beta F
3.59699,2.13591,c5,6,2,beta F
3.59716,2.07846,c5,6,2,beta F
3.59733,2.02794,c5,6,2,beta F
3.59749,1.97741,c5,6,2,beta F
3.59766,1.92688,c5,6,2,beta F
3.59783,1.87635,c5,6,2,beta F
3.598,1.84366,c5,6,2,beta F
3.59817,1.81097,c5,6,2,beta F
3.59833,1.77827,c5,6,2,beta F
3.5985,1.74558,c5,6,2,beta F
3.59867,1.71808,c5,6,2,beta F
3.59884,1.69057,c5,6,2,beta F
3.599,1.66307,c5,6,2,beta F
3.59917,1.63557,c5,6,2,beta F
3.59934,1.62767,c5,6,2,beta F
3.59951,1.61977,c5,6,2,beta F
3.59968,1.58419,c5,6,2,beta F
3.59984,1.54862,c5,6,2,beta F
3.60001,1.53092,c5,6,2,beta F
3.60018,1.51321,c5,6,2,beta F
3.60035,1.52319,c5,6,2,beta F
3.60051,1.53316,c5,6,2,beta F
3.60068,1.53996,c5,6,2,beta F
3.60085,1.54676,c5,6,2,beta F
3.60102,1.50744,c5,6,2,beta F
3.60119,1.46812,c5,6,2,beta F
3.60135,1.46339,c5,6,2,beta F
3.60152,1.45866,c5,6,2,beta F
3.60169,1.45393,c5,6,2,beta F
3.60186,1.4492,c5,6,2,beta F
3.60202,1.4529,c5,6,2,beta F
3.60219,1.4566,c5,6,2,beta F
3.60236,1.46031,c5,6,2,beta F
3.60253,1.46401,c5,6,2,beta F
3.60269,1.46425,c5,6,2,beta F
3.60286,1.4645,c5,6,2,beta F
3.60303,1.46474,c5,6,2,beta F
3.6032,1.46498,c5,6,2,beta F
3.60337,1.48032,c5,6,2,beta F
3.60353,1.49567,c5,6,2,beta F
3.6037,1.51101,c5,6,2,beta F
3.60387,1.52635,c5,6,2,beta F
3.60404,1.53477,c5,6,2,beta F
3.6042,1.54319,c5,6,2,beta F
3.60437,1.55162,c5,6,2,beta F
3.60454,1.56004,c5,6,2,beta F
3.60471,1.57877,c5,6,2,beta F
3.60488,1.5975,c5,6,2,beta F
3.60504,1.61623,c5,6,2,beta F
3.60521,1.63496,c5,6,2,beta F
3.60538,1.66521,c5,6,2,beta F
3.60555,1.69548,c5,6,2,beta F
3.60571,1.72573,c5,6,2,beta F
3.60588,1.75599,c5,6,2,beta F
3.60605,1.81561,c5,6,2,beta F
3.60622,1.87523,c5,6,2,beta F
3.60639,1.93485,c5,6,2,beta F
3.60655,1.99447,c5,6,2,beta F
3.60672,2.03794,c5,6,2,beta F
3.60689,2.08142,c5,6,2,beta F
3.60706,2.12489,c5,6,2,beta F
3.60722,2.16837,c5,6,2,beta F
3.60739,2.23721,c5,6,2,beta F
3.60756,2.30606,c5,6,2,beta F
3.60773,2.37778,c5,6,2,beta F
3.6079,2.44951,c5,6,2,beta F
3.60806,2.55871,c5,6,2,beta F
3.60823,2.71404,c5,6,2,beta F
3.6084,2.88954,c5,6,2,beta F
3.60857,3.06504,c5,6,2,beta F
3.60873,3.24448,c5,6,2,beta F
3.6089,3.42391,c5,6,2,beta F
3.60907,3.6437,c5,6,2,beta F
3.60924,3.90961,c5,6,2,beta F
3.60941,4.1934,c5,6,2,beta F
3.60957,4.50486,c5,6,2,beta F
3.60974,4.86475,c5,6,2,beta F
3.60991,5.27077,c5,6,2,beta F
3.61008,5.73444,c5,6,2,beta F
3.61024,6.26268,c5,6,2,beta F
3.61041,6.87279,c5,6,2,beta F
3.61058,7.56593,c5,6,2,beta F
3.61075,8.32825,c5,6,2,beta F
3.61092,9.17359,c5,6,2,beta F
3.61108,10.0997,c5,6,2,beta F
3.61125,11.1272,c5,6,2,beta F
3.61142,12.241,c5,6,2,beta F
3.61159,13.4194,c5,6,2,beta F
3.61175,14.637,c5,6,2,beta F
3.61192,15.827,c5,6,2,beta F
3.61209,16.9431,c5,6,2,beta F
3.61226,17.884,c5,6,2,beta F
3.61243,18.5631,c5,6,2,beta F
3.61259,18.9378,c5,6,2,beta F
3.61276,18.981,c5,6,2,beta F
3.61293,18.6644,c5,6,2,beta F
3.6131,17.9927,c5,6,2,beta F
3.61326,17.035,c5,6,2,beta F
3.61343,15.8622,c5,6,2,beta F
3.6136,14.5696,c5,6,2,beta F
3.61377,13.2325,c5,6,2,beta F
3.61393,11.8954,c5,6,2,beta F
3.6141,10.6299,c5,6,2,beta F
3.61427,9.48421,c5,6,2,beta F
3.61444,8.46943,c5,6,2,beta F
3.61461,7.55613,c5,6,2,beta F
3.61477,6.75467,c5,6,2,beta F
3.61494,6.05469,c5,6,2,beta F
3.61511,5.44465,c5,6,2,beta F
3.61528,4.93608,c5,6,2,beta F
3.65269,4.87658,c7,11,5,all
3.65286,5.01456,c7,11,5,all
3.65302,5.19392,c7,11,5,all
3.65319,5.40094,c7,11,5,all
3.65336,5.64314,c7,11,5,all
3.65353,5.91301,c7,11,5,all
3.65369,6.21112,c7,11,5,all
3.65386,6.53692,c7,11,5,all
3.65403,6.90999,c7,11,5,all
3.6542,7.32918,c7,11,5,all
3.65437,7.80119,c7,11,5,all
3.65453,8.33778,c7,11,5,all
3.6547,8.95739,c7,11,5,all
3.65487,9.69691,c7,11,5,all
3.65504,10.5644,c7,11,5,all
3.6552,11.5703,c7,11,5,all
3.65537,12.7342,c7,11,5,all
3.65554,14.0918,c7,11,5,all
3.65571,15.6786,c7,11,5,all
3.65588,17.4959,c7,11,5,all
3.65604,19.5203,c7,11,5,all
3.65621,21.7384,c7,11,5,all
3.65638,24.0966,c7,11,5,all
3.65655,26.4548,c7,11,5,all
3.65671,28.644,c7,11,5,all
3.65688,30.455,c7,11,5,all
3.65705,31.7871,c7,11,5,all
3.65722,32.5749,c7,11,5,all
3.65738,32.8161,c7,11,5,all
3.65755,32.5499,c7,11,5,all
3.65772,31.8813,c7,11,5,all
3.65789,30.9453,c7,11,5,all
3.65806,29.8823,c7,11,5,all
3.65822,28.7548,c7,11,5,all
3.65839,27.6334,c7,11,5,all
3.65856,26.5765,c7,11,5,all
3.65873,25.628,c7,11,5,all
3.65889,24.8548,c7,11,5,all
3.65906,24.3052,c7,11,5,all
3.65923,24.0232,c7,11,5,all
3.6594,24.0364,c7,11,5,all
3.65957,24.3356,c7,11,5,all
3.65973,24.8857,c7,11,5,all
3.6599,25.6664,c7,11,5,all
3.66007,26.6357,c7,11,5,all
3.66024,27.7433,c7,11,5,all
3.6604,28.9218,c7,11,5,all
3.66057,30.1004,c7,11,5,all
3.66074,31.2069,c7,11,5,all
3.66091,32.1381,c7,11,5,all
3.66108,32.7989,c7,11,5,all
3.66124,33.0999,c7,11,5,all
3.66141,33.002,c7,11,5,all
3.66158,32.4889,c7,11,5,all
3.66175,31.5954,c7,11,5,all
3.66191,30.3605,c7,11,5,all
3.66208,28.8546,c7,11,5,all
3.66225,27.155,c7,11,5,all
3.66242,25.3578,c7,11,5,all
3.66259,23.5329,c7,11,5,all
3.66275,21.7564,c7,11,5,all
3.66292,20.063,c7,11,5,all
3.66309,18.4721,c7,11,5,all
3.66326,17.0197,c7,11,5,all
3.66342,15.7194,c7,11,5,all
3.66359,14.576,c7,11,5,all
3.66376,13.5825,c7,11,5,all
3.66393,12.7273,c7,11,5,all
3.6641,12.0106,c7,11,5,all
3.66426,11.4137,c7,11,5,all
3.66443,10.9252,c7,11,5,all
3.6646,10.5382,c7,11,5,all
3.66477,10.2342,c7,11,5,all
3.66493,10.0133,c7,11,5,all
3.6651,9.85325,c7,11,5,all
3.66527,9.75778,c7,11,5,all
3.66544,9.73495,c7,11,5,all
3.66561,9.7767,c7,11,5,all
3.66577,9.86341,c7,11,5,all
3.66594,9.9778,c7,11,5,all
3.66611,10.136,c7,11,5,all
3.66628,10.3403,c7,11,5,all
3.66644,10.5545,c7,11,5,all
3.66661,10.7409,c7,11,5,all
3.66678,10.8686,c7,11,5,all
3.66695,10.9501,c7,11,5,all
3.66712,11.0063,c7,11,5,all
3.66728,11.0348,c7,11,5,all
3.66745,10.9998,c7,11,5,all
3.66762,10.8819,c7,11,5,all
3.66779,10.6907,c7,11,5,all
3.66795,10.4534,c7,11,5,all
3.66812,10.1936,c7,11,5,all
3.66829,9.9338,c7,11,5,all
3.66846,9.70457,c7,11,5,all
3.66862,9.52147,c7,11,5,all
3.66879,9.40351,c7,11,5,all
3.66896,9.35012,c7,11,5,all
3.66913,9.37486,c7,11,5,all
3.6693,9.51952,c7,11,5,all
3.66946,9.82561,c7,11,5,all
3.66963,10.2885,c7,11,5,all
3.6698,10.9129,c7,11,5,all
3.66997,11.6756,c7,11,5,all
3.67013,12.5813,c7,11,5,all
3.6703,13.6254,c7,11,5,all
3.67047,14.7819,c7,11,5,all
3.67064,15.9845,c7,11,5,all
3.67081,17.1018,c7,11,5,all
3.67097,17.9516,c7,11,5,all
3.67114,18.4197,c7,11,5,all
3.67131,18.4912,c7,11,5,all
3.67148,18.264,c7,11,5,all
3.67164,17.8431,c7,11,5,all
3.67181,17.3351,c7,11,5,all
3.67198,16.8917,c7,11,5,all
3.67215,16.6789,c7,11,5,all
3.67232,16.7706,c7,11,5,all
3.67248,17.1678,c7,11,5,all
3.67265,17.8325,c7,11,5,all
3.67282,18.6967,c7,11,5,all
3.67299,19.6993,c7,11,5,all
3.67315,20.7186,c7,11,5,all
3.67332,21.6364,c7,11,5,all
3.67349,22.3582,c7,11,5,all
3.67366,22.794,c7,11,5,all
3.67383,22.854,c7,11,5,all
3.67399,22.4988,c7,11,5,all
3.67416,21.7481,c7,11,5,all
3.67433,20.6745,c7,11,5,all
3.6745,19.3623,c7,11,5,all
3.67466,17.9116,c7,11,5,all
3.67483,16.3999,c7,11,5,all
3.675,14.9343,c7,11,5,all
3.67517,13.5759,c7,11,5,all
3.67534,12.3559,c7,11,5,all
3.6755,11.3123,c7,11,5,all
3.67567,10.444,c7,11,5,all
3.67584,9.74901,c7,11,5,all
3.67601,9.19242,c7,11,5,all
3.67617,8.73153,c7,11,5,all
3.67634,8.33522,c7,11,5,all
3.67651,7.99771,c7,11,5,all
3.67668,7.74323,c7,11,5,all
3.67685,7.54987,c7,11,5,all
3.67701,7.42107,c7,11,5,all
3.67718,7.32816,c7,11,5,all
3.67735,7.26294,c7,11,5,all
3.67752,7.21385,c7,11,5,all
3.67768,7.16476,c7,11,5,all
3.67785,7.11048,c7,11,5,all
3.67802,7.05621,c7,11,5,all
3.67819,7.00193,c7,11,5,all
3.67836,6.94765,c7,11,5,all
3.67852,6.85468,c7,11,5,all
3.67869,6.7617,c7,11,5,all
3.67886,6.66872,c7,11,5,all
3.67903,6.57574,c7,11,5,all
3.67919,6.52197,c7,11,5,all
3.67936,6.4682,c7,11,5,all
3.67953,6.41443,c7,11,5,all
3.6797,6.36066,c7,11,5,all
3.67986,6.34595,c7,11,5,all
3.68003,6.33123,c7,11,5,all
3.6802,6.30268,c7,11,5,all
3.68037,6.30181,c7,11,5,all
3.68054,6.34303,c7,11,5,all
3.6807,6.41191,c7,11,5,all
3.68087,6.51886,c7,11,5,all
3.68104,6.65347,c7,11,5,all
3.68121,6.83284,c7,11,5,all
3.68137,7.05833,c7,11,5,all
3.68154,7.30862,c7,11,5,all
3.68171,7.58657,c7,11,5,all
3.68188,7.88586,c7,11,5,all
3.68205,8.18516,c7,11,5,all
3.68221,8.53691,c7,11,5,all
3.68238,8.95324,c7,11,5,all
3.68255,9.43069,c7,11,5,all
3.68272,9.9727,c7,11,5,all
3.68288,10.5793,c7,11,5,all
3.68305,11.3058,c7,11,5,all
3.68322,12.1615,c7,11,5,all
3.68339,13.137,c7,11,5,all
3.68356,14.2349,c7,11,5,all
3.68372,15.471,c7,11,5,all
3.68389,16.8523,c7,11,5,all
3.68406,18.4088,c7,11,5,all
3.68423,20.1614,c7,11,5,all
3.68439,22.1261,c7,11,5,all
3.68456,24.2891,c7,11,5,all
3.68473,26.5905,c7,11,5,all
3.6849,28.9381,c7,11,5,all
3.68507,31.2395,c7,11,5,all
3.68523,33.3936,c7,11,5,all
3.6854,35.2802,c7,11,5,all
3.68557,36.7978,c7,11,5,all
3.68574,37.845,c7,11,5,all
3.6859,38.3801,c7,11,5,all
3.68607,38.371,c7,11,5,all
3.68624,37.8442,c7,11,5,all
3.68641,36.8469,c7,11,5,all
3.68658,35.4749,c7,11,5,all
3.68674,33.8353,c7,11,5,all
3.68691,32.0551,c7,11,5,all
3.68708,30.2472,c7,11,5,all
3.68725,28.4969,c7,11,5,all
3.68741,26.885,c7,11,5,all
3.68758,25.5003,c7,11,5,all
3.68775,24.3646,c7,11,5,all
3.68792,23.4893,c7,11,5,all
3.68809,22.8261,c7,11,5,all
3.68825,22.3439,c7,11,5,all
3.68842,22.0002,c7,11,5,all
3.68859,21.7429,c7,11,5,all
3.68876,21.5317,c7,11,5,all
3.68892,21.3447,c7,11,5,all
3.68909,21.2039,c7,11,5,all
3.68926,21.0995,c7,11,5,all
3.68943,21.0412,c7,11,5,all
3.6896,21.0613,c7,11,5,all
3.68976,21.2013,c7,11,5,all
3.68993,21.5016,c7,11,5,all
3.6901,21.9956,c7,11,5,all
3.69027,22.7133,c7,11,5,all
3.69043,23.7355,c7,11,5,all
3.6906,25.1277,c7,11,5,all
3.69077,26.9351,c7,11,5,all
3.69094,29.198,c7,11,5,all
3.6911,31.9682,c7,11,5,all
3.69127,35.3254,c7,11,5,all
3.69144,39.3559,c7,11,5,all
3.69161,44.0968,c7,11,5,all
3.69178,49.548,c7,11,5,all
3.69194,55.6426,c7,11,5,all
3.69211,62.1708,c7,11,5,all
3.69228,68.8073,c7,11,5,all
3.69245,75.1026,c7,11,5,all
3.69261,80.473,c7,11,5,all
3.69278,84.303,c7,11,5,all
3.69295,86.1196,c7,11,5,all
3.69312,85.7315,c7,11,5,all
3.69329,83.2846,c7,11,5,all
3.69345,79.168,c7,11,5,all
3.69362,73.9375,c7,11,5,all
3.69379,68.2365,c7,11,5,all
3.69396,62.727,c7,11,5,all
3.69412,57.9093,c7,11,5,all
3.69429,54.0856,c7,11,5,all
3.69446,51.415,c7,11,5,all
3.69463,49.9544,c7,11,5,all
3.6948,49.7392,c7,11,5,all
3.69496,50.7405,c7,11,5,all
3.69513,52.8949,c7,11,5,all
3.6953,56.1804,c7,11,5,all
3.69547,60.5453,c7,11,5,all
3.69563,65.9329,c7,11,5,all
3.6958,72.16,c7,11,5,all
3.69597,78.9603,c7,11,5,all
3.69614,85.9173,c7,11,5,all
3.69631,92.4926,c7,11,5,all
3.69647,98.0071,c7,11,5,all
3.69664,101.778,c7,11,5,all
3.69681,103.308,c7,11,5,all
3.69698,102.4,c7,11,5,all
3.69714,99.1411,c7,11,5,all
3.69731,93.8688,c7,11,5,all
3.69748,87.1114,c7,11,5,all
3.69765,79.5214,c7,11,5,all
3.69782,71.7378,c7,11,5,all
3.69798,64.2781,c7,11,5,all
3.69815,57.455,c7,11,5,all
3.69832,51.4401,c7,11,5,all
3.69849,46.2832,c7,11,5,all
3.69865,41.9686,c7,11,5,all
3.69882,38.4012,c7,11,5,all
3.69899,35.4669,c7,11,5,all
3.69916,33.0768,c7,11,5,all
3.69933,31.1537,c7,11,5,all
3.69949,29.6088,c7,11,5,all
3.69966,28.3557,c7,11,5,all
3.69983,27.3147,c7,11,5,all
3.7,26.4604,c7,11,5,all
3.70016,25.7444,c7,11,5,all
3.70033,25.1264,c7,11,5,all
3.7005,24.5729,c7,11,5,all
3.70067,24.076,c7,11,5,all
3.70084,23.6621,c7,11,5,all
3.701,23.3485,c7,11,5,all
3.70117,23.1364,c7,11,5,all
3.70134,23.02,c7,11,5,all
3.70151,23.0051,c7,11,5,all
3.70167,23.0986,c7,11,5,all
3.70184,23.2935,c7,11,5,all
3.70201,23.5576,c7,11,5,all
3.70218,23.8863,c7,11,5,all
3.70234,24.3084,c7,11,5,all
3.70251,24.832,c7,11,5,all
3.70268,25.4454,c7,11,5,all
3.70285,26.1419,c7,11,5,all
3.70302,26.9364,c7,11,5,all
3.70318,27.8509,c7,11,5,all
3.70335,28.9186,c7,11,5,all
3.70352,30.1801,c7,11,5,all
3.70369,31.6527,c7,11,5,all
3.70385,33.3742,c7,11,5,all
3.70402,35.3809,c7,11,5,all
3.70419,37.692,c7,11,5,all
3.70436,40.3479,c7,11,5,all
3.70453,43.4374,c7,11,5,all
3.70469,47.0261,c7,11,5,all
3.70486,51.1591,c7,11,5,all
3.70503,55.8825,c7,11,5,all
3.7052,61.2608,c7,11,5,all
3.70536,67.3521,c7,11,5,all
3.70553,74.2091,c7,11,5,all
3.7057,81.7936,c7,11,5,all
3.70587,90.0331,c7,11,5,all
3.70604,98.7835,c7,11,5,all
3.7062,107.838,c7,11,5,all
3.70637,116.854,c7,11,5,all
3.70654,125.417,c7,11,5,all
3.70671,132.993,c7,11,5,all
3.70687,138.991,c7,11,5,all
3.70704,142.877,c7,11,5,all
3.70721,144.263,c7,11,5,all
3.70738,143.009,c7,11,5,all
3.70755,139.163,c7,11,5,all
3.70771,132.987,c7,11,5,all
3.70788,124.957,c7,11,5,all
3.70805,115.707,c7,11,5,all
3.70822,105.895,c7,11,5,all
3.70838,96.0865,c7,11,5,all
3.70855,86.6745,c7,11,5,all
3.70872,77.952,c7,11,5,all
3.70889,70.0874,c7,11,5,all
3.70906,63.1637,c7,11,5,all
3.70922,57.1349,c7,11,5,all
3.70939,51.9394,c7,11,5,all
3.70956,47.5096,c7,11,5,all
3.70973,43.7428,c7,11,5,all
3.70989,40.5572,c7,11,5,all
3.71006,37.8813,c7,11,5,all
3.71023,35.6389,c7,11,5,all
3.7104,33.7228,c7,11,5,all
3.71057,32.0743,c7,11,5,all
3.71073,30.6385,c7,11,5,all
3.7109,29.3781,c7,11,5,all
3.71107,28.2145,c7,11,5,all
3.71124,27.1155,c7,11,5,all
3.7114,26.0683,c7,11,5,all
3.71157,25.0673,c7,11,5,all
3.71174,24.1159,c7,11,5,all
3.71191,23.1921,c7,11,5,all
3.71208,22.2886,c7,11,5,all
3.71224,21.4496,c7,11,5,all
3.71241,20.6982,c7,11,5,all
3.71258,20.0483,c7,11,5,all
3.71275,19.4722,c7,11,5,all
3.71291,18.9607,c7,11,5,all
3.71308,18.523,c7,11,5,all
3.71325,18.1498,c7,11,5,all
3.71342,17.8156,c7,11,5,all
3.71358,17.5091,c7,11,5,all
3.71375,17.2464,c7,11,5,all
3.71392,17.039,c7,11,5,all
3.71409,16.8922,c7,11,5,all
3.71426,16.8007,c7,11,5,all
3.71442,16.7945,c7,11,5,all
3.71459,16.8806,c7,11,5,all
3.71476,17.0898,c7,11,5,all
3.71493,17.4281,c7,11,5,all
3.71509,17.9071,c7,11,5,all
3.71526,18.5522,c7,11,5,all
3.71543,19.3944,c7,11,5,all
3.7156,20.4765,c7,11,5,all
3.71577,21.8469,c7,11,5,all
3.71593,23.494,c7,11,5,all
3.7161,25.477,c7,11,5,all
3.71627,27.8476,c7,11,5,all
3.71644,30.7277,c7,11,5,all
3.7166,34.1799,c7,11,5,all
3.71677,38.2881,c7,11,5,all
3.71694,43.1158,c7,11,5,all
3.71711,48.7,c7,11,5,all
3.71728,55.0038,c7,11,5,all
3.71744,61.9152,c7,11,5,all
3.71761,69.2509,c7,11,5,all
3.71778,76.6281,c7,11,5,all
3.71795,83.4704,c7,11,5,all
3.71811,89.1306,c7,11,5,all
3.71828,93.0013,c7,11,5,all
3.71845,94.6166,c7,11,5,all
3.71862,93.778,c7,11,5,all
3.71879,90.6463,c7,11,5,all
3.71895,85.6511,c7,11,5,all
3.71912,79.4706,c7,11,5,all
3.71929,72.8288,c7,11,5,all
3.71946,66.4326,c7,11,5,all
3.71962,60.8298,c7,11,5,all
3.71979,56.3938,c7,11,5,all
3.71996,53.2678,c7,11,5,all
3.72013,51.4921,c7,11,5,all
3.7203,51.0263,c7,11,5,all
3.72046,51.8335,c7,11,5,all
3.72063,53.8399,c7,11,5,all
3.7208,56.9695,c7,11,5,all
3.72097,61.1506,c7,11,5,all
3.72113,66.2773,c7,11,5,all
3.7213,72.1235,c7,11,5,all
3.72147,78.3694,c7,11,5,all
3.72164,84.523,c7,11,5,all
3.72181,90.0263,c7,11,5,all
3.72197,94.1828,c7,11,5,all
3.72214,96.3882,c7,11,5,all
3.72231,96.2137,c7,11,5,all
3.72248,93.5784,c7,11,5,all
3.72264,88.6739,c7,11,5,all
3.72281,81.9215,c7,11,5,all
3.72298,73.9699,c7,11,5,all
3.72315,65.5271,c7,11,5,all
3.72331,57.2503,c7,11,5,all
3.72348,49.5813,c7,11,5,all
3.72365,42.8162,c7,11,5,all
3.72382,37.0843,c7,11,5,all
3.72399,32.4041,c7,11,5,all
3.72415,28.6269,c7,11,5,all
3.72432,25.6061,c7,11,5,all
3.72449,23.2103,c7,11,5,all
3.72466,21.3496,c7,11,5,all
3.72482,19.9512,c7,11,5,all
3.72499,18.9034,c7,11,5,all
3.72516,18.1508,c7,11,5,all
3.72533,17.6011,c7,11,5,all
3.7255,17.2601,c7,11,5,all
3.72566,17.0852,c7,11,5,all
3.72583,17.0671,c7,11,5,all
3.726,17.215,c7,11,5,all
3.72617,17.4863,c7,11,5,all
3.72633,17.8868,c7,11,5,all
3.7265,18.3749,c7,11,5,all
3.72667,18.9921,c7,11,5,all
3.72684,19.7387,c7,11,5,all
3.72701,20.6513,c7,11,5,all
3.72717,21.76,c7,11,5,all
3.72734,23.0347,c7,11,5,all
3.72751,24.5112,c7,11,5,all
3.72768,26.2275,c7,11,5,all
3.72784,28.2644,c7,11,5,all
3.72801,30.6887,c7,11,5,all
3.72818,33.4806,c7,11,5,all
3.72835,36.6968,c7,11,5,all
3.72852,40.3811,c7,11,5,all
3.72868,44.6005,c7,11,5,all
3.72885,49.3815,c7,11,5,all
3.72902,54.6975,c7,11,5,all
3.72919,60.5209,c7,11,5,all
3.72935,66.8055,c7,11,5,all
3.72952,73.4638,c7,11,5,all
3.72969,80.2883,c7,11,5,all
3.72986,86.9421,c7,11,5,all
3.73003,93.0977,c7,11,5,all
3.73019,98.332,c7,11,5,all
3.73036,102.256,c7,11,5,all
3.73053,104.454,c7,11,5,all
3.7307,104.676,c7,11,5,all
3.73086,102.85,c7,11,5,all
3.73103,99.0854,c7,11,5,all
3.7312,93.6678,c7,11,5,all
3.73137,87.014,c7,11,5,all
3.73154,79.5715,c7,11,5,all
3.7317,71.7785,c7,11,5,all
3.73187,64.0846,c7,11,5,all
3.73204,56.815,c7,11,5,all
3.73221,50.1636,c7,11,5,all
3.73237,44.1948,c7,11,5,all
3.73254,38.8948,c7,11,5,all
3.73271,34.2774,c7,11,5,all
3.73288,30.285,c7,11,5,all
3.73305,26.8645,c7,11,5,all
3.73321,23.8984,c7,11,5,all
3.73338,21.3197,c7,11,5,all
3.73355,19.1071,c7,11,5,all
3.73372,17.2081,c7,11,5,all
3.73388,15.5743,c7,11,5,all
3.73405,14.1804,c7,11,5,all
3.73422,12.9676,c7,11,5,all
3.73439,11.8838,c7,11,5,all
3.73455,10.9085,c7,11,5,all
3.73472,10.0254,c7,11,5,all
3.73489,9.25775,c7,11,5,all
3.73506,8.58234,c7,11,5,all
3.73523,7.97382,c7,11,5,all
3.73539,7.42064,c7,11,5,all
3.78388,8.2812,c6,6,3,alpha beta
3.78404,8.59095,c6,6,3,alpha beta
3.78421,8.90244,c6,6,3,alpha beta
3.78438,9.21391,c6,6,3,alpha beta
3.78455,9.53981,c6,6,3,alpha beta
3.78472,9.89338,c6,6,3,alpha beta
3.78488,10.3006,c6,6,3,alpha beta
3.78505,10.7354,c6,6,3,alpha beta
3.78522,11.1905,c6,6,3,alpha beta
3.78539,11.6732,c6,6,3,alpha beta
3.78555,12.1847,c6,6,3,alpha beta
3.78572,12.7424,c6,6,3,alpha beta
3.78589,13.3662,c6,6,3,alpha beta
3.78606,14.0546,c6,6,3,alpha beta
3.78623,14.7983,c6,6,3,alpha beta
3.78639,15.6067,c6,6,3,alpha beta
3.78656,16.4876,c6,6,3,alpha beta
3.78673,17.4516,c6,6,3,alpha beta
3.7869,18.5078,c6,6,3,alpha beta
3.78706,19.684,c6,6,3,alpha beta
3.78723,20.9795,c6,6,3,alpha beta
3.7874,22.4134,c6,6,3,alpha beta
3.78757,23.9983,c6,6,3,alpha beta
3.78774,25.7585,c6,6,3,alpha beta
3.7879,27.7309,c6,6,3,alpha beta
3.78807,29.9523,c6,6,3,alpha beta
3.78824,32.447,c6,6,3,alpha beta
3.78841,35.2277,c6,6,3,alpha beta
3.78857,38.2948,c6,6,3,alpha beta
3.78874,41.6662,c6,6,3,alpha beta
3.78891,45.3917,c6,6,3,alpha beta
3.78908,49.477,c6,6,3,alpha beta
3.78925,53.892,c6,6,3,alpha beta
3.78941,58.593,c6,6,3,alpha beta
3.78958,63.4946,c6,6,3,alpha beta
3.78975,68.5531,c6,6,3,alpha beta
3.78992,73.6617,c6,6,3,alpha beta
3.79008,78.6689,c6,6,3,alpha beta
3.79025,83.3555,c6,6,3,alpha beta
3.79042,87.4978,c6,6,3,alpha beta
3.79059,90.8987,c6,6,3,alpha beta
3.79075,93.3863,c6,6,3,alpha beta
3.79092,94.8465,c6,6,3,alpha beta
3.79109,95.209,c6,6,3,alpha beta
3.79126,94.4474,c6,6,3,alpha beta
3.79143,92.6066,c6,6,3,alpha beta
3.79159,89.8352,c6,6,3,alpha beta
3.79176,86.3535,c6,6,3,alpha beta
3.79193,82.4025,c6,6,3,alpha beta
3.7921,78.2208,c6,6,3,alpha beta
3.79226,73.9965,c6,6,3,alpha beta
3.79243,69.929,c6,6,3,alpha beta
3.7926,66.1539,c6,6,3,alpha beta
3.79277,62.7754,c6,6,3,alpha beta
3.79294,59.8223,c6,6,3,alpha beta
3.7931,57.2475,c6,6,3,alpha beta
3.79327,54.9737,c6,6,3,alpha beta
3.79344,52.8936,c6,6,3,alpha beta
3.79361,50.8792,c6,6,3,alpha beta
3.79377,48.7817,c6,6,3,alpha beta
3.79394,46.4842,c6,6,3,alpha beta
3.79411,43.9377,c6,6,3,alpha beta
3.79428,41.1651,c6,6,3,alpha beta
3.79445,38.2726,c6,6,3,alpha beta
3.79461,35.3639,c6,6,3,alpha beta
3.79478,32.5383,c6,6,3,alpha beta
3.79495,29.8788,c6,6,3,alpha beta
3.79512,27.4682,c6,6,3,alpha beta
3.79528,25.3362,c6,6,3,alpha beta
3.79545,23.5086,c6,6,3,alpha beta
3.79562,21.96,c6,6,3,alpha beta
3.79579,20.6605,c6,6,3,alpha beta
3.79596,19.5882,c6,6,3,alpha beta
3.79612,18.7096,c6,6,3,alpha beta
3.79629,18.0258,c6,6,3,alpha beta
3.79646,17.5173,c6,6,3,alpha beta
3.79663,17.1741,c6,6,3,alpha beta
3.79679,16.9693,c6,6,3,alpha beta
3.79696,16.889,c6,6,3,alpha beta
3.79713,16.9287,c6,6,3,alpha beta
3.7973,17.1021,c6,6,3,alpha beta
3.79747,17.4323,c6,6,3,alpha beta
3.79763,17.902,c6,6,3,alpha beta
3.7978,18.5102,c6,6,3,alpha beta
3.79797,19.2832,c6,6,3,alpha beta
3.79814,20.2499,c6,6,3,alpha beta
3.7983,21.4242,c6,6,3,alpha beta
3.79847,22.8106,c6,6,3,alpha beta
3.79864,24.4138,c6,6,3,alpha beta
3.79881,26.2108,c6,6,3,alpha beta
3.79898,28.1692,c6,6,3,alpha beta
3.79914,30.229,c6,6,3,alpha beta
3.79931,32.3104,c6,6,3,alpha beta
3.79948,34.2533,c6,6,3,alpha beta
3.79965,35.878,c6,6,3,alpha beta
3.79981,36.9769,c6,6,3,alpha beta
3.79998,37.437,c6,6,3,alpha beta
3.80015,37.2052,c6,6,3,alpha beta
3.80032,36.2827,c6,6,3,alpha beta
3.80048,34.7422,c6,6,3,alpha beta
3.80065,32.7055,c6,6,3,alpha beta
3.80082,30.346,c6,6,3,alpha beta
3.80099,27.8781,c6,6,3,alpha beta
3.80116,25.4747,c6,6,3,alpha beta
3.80132,23.2374,c6,6,3,alpha beta
3.80149,21.2492,c6,6,3,alpha beta
3.80166,19.54,c6,6,3,alpha beta
3.80183,18.1168,c6,6,3,alpha beta
3.80199,16.9501,c6,6,3,alpha beta
3.80216,15.9955,c6,6,3,alpha beta
3.80233,15.2439,c6,6,3,alpha beta
3.8025,14.6676,c6,6,3,alpha beta
3.80267,14.2169,c6,6,3,alpha beta
3.80283,13.8677,c6,6,3,alpha beta
3.803,13.612,c6,6,3,alpha beta
3.80317,13.4577,c6,6,3,alpha beta
3.80334,13.3812,c6,6,3,alpha beta
3.8035,13.3508,c6,6,3,alpha beta
3.80367,13.377,c6,6,3,alpha beta
3.80384,13.4862,c6,6,3,alpha beta
3.80401,13.6784,c6,6,3,alpha beta
3.80418,13.9167,c6,6,3,alpha beta
3.80434,14.1677,c6,6,3,alpha beta
3.80451,14.4464,c6,6,3,alpha beta
3.80468,14.7893,c6,6,3,alpha beta
3.80485,15.1784,c6,6,3,alpha beta
3.80501,15.5975,c6,6,3,alpha beta
3.80518,16.0443,c6,6,3,alpha beta
3.80535,16.5441,c6,6,3,alpha beta
3.80552,17.1269,c6,6,3,alpha beta
3.80569,17.7973,c6,6,3,alpha beta
3.80585,18.5508,c6,6,3,alpha beta
3.80602,19.3651,c6,6,3,alpha beta
3.80619,20.244,c6,6,3,alpha beta
3.80636,21.2197,c6,6,3,alpha beta
3.80652,22.2969,c6,6,3,alpha beta
3.80669,23.5079,c6,6,3,alpha beta
3.80686,24.8757,c6,6,3,alpha beta
3.80703,26.3922,c6,6,3,alpha beta
3.8072,28.0655,c6,6,3,alpha beta
3.80736,29.9527,c6,6,3,alpha beta
3.80753,32.0705,c6,6,3,alpha beta
3.8077,34.4557,c6,6,3,alpha beta
3.80787,37.127,c6,6,3,alpha beta
3.80803,40.1211,c6,6,3,alpha beta
3.8082,43.475,c6,6,3,alpha beta
3.80837,47.2336,c6,6,3,alpha beta
3.80854,51.4258,c6,6,3,alpha beta
3.80871,56.1103,c6,6,3,alpha beta
3.80887,61.2838,c6,6,3,alpha beta
3.80904,66.9404,c6,6,3,alpha beta
3.80921,73.0675,c6,6,3,alpha beta
3.80938,79.6569,c6,6,3,alpha beta
3.80954,86.6799,c6,6,3,alpha beta
3.80971,94.0454,c6,6,3,alpha beta
3.80988,101.549,c6,6,3,alpha beta
3.81005,108.967,c6,6,3,alpha beta
3.81022,116.062,c6,6,3,alpha beta
3.81038,122.553,c6,6,3,alpha beta
3.81055,128.149,c6,6,3,alpha beta
3.81072,132.555,c6,6,3,alpha beta
3.81089,135.531,c6,6,3,alpha beta
3.81105,136.916,c6,6,3,alpha beta
3.81122,136.594,c6,6,3,alpha beta
3.81139,134.587,c6,6,3,alpha beta
3.81156,131.002,c6,6,3,alpha beta
3.81172,126.048,c6,6,3,alpha beta
3.81189,119.997,c6,6,3,alpha beta
3.81206,113.165,c6,6,3,alpha beta
3.81223,105.899,c6,6,3,alpha beta
3.8124,98.4793,c6,6,3,alpha beta
3.81256,91.1422,c6,6,3,alpha beta
3.81273,84.037,c6,6,3,alpha beta
3.8129,77.2732,c6,6,3,alpha beta
3.81307,70.929,c6,6,3,alpha beta
3.81323,64.9816,c6,6,3,alpha beta
3.8134,59.4423,c6,6,3,alpha beta
3.81357,54.3366,c6,6,3,alpha beta
3.81374,49.6783,c6,6,3,alpha beta
3.81391,45.472,c6,6,3,alpha beta
3.81407,41.7108,c6,6,3,alpha beta
3.81424,38.3647,c6,6,3,alpha beta
3.81441,35.4141,c6,6,3,alpha beta
3.81458,32.8233,c6,6,3,alpha beta
3.81474,30.5681,c6,6,3,alpha beta
3.81491,28.6172,c6,6,3,alpha beta
3.81508,26.942,c6,6,3,alpha beta
3.81525,25.5342,c6,6,3,alpha beta
3.81542,24.3604,c6,6,3,alpha beta
3.81558,23.3803,c6,6,3,alpha beta
3.81575,22.5975,c6,6,3,alpha beta
3.81592,21.9898,c6,6,3,alpha beta
3.81609,21.5621,c6,6,3,alpha beta
3.81625,21.2912,c6,6,3,alpha beta
3.81642,21.169,c6,6,3,alpha beta
3.81659,21.2036,c6,6,3,alpha beta
3.81676,21.3937,c6,6,3,alpha beta
3.81693,21.7405,c6,6,3,alpha beta
3.81709,22.2373,c6,6,3,alpha beta
3.81726,22.8539,c6,6,3,alpha beta
3.81743,23.6101,c6,6,3,alpha beta
3.8176,24.5231,c6,6,3,alpha beta
3.81776,25.5884,c6,6,3,alpha beta
3.81793,26.792,c6,6,3,alpha beta
3.8181,28.118,c6,6,3,alpha beta
3.81827,29.5454,c6,6,3,alpha beta
3.81844,31.026,c6,6,3,alpha beta
3.8186,32.4788,c6,6,3,alpha beta
3.81877,33.7737,c6,6,3,alpha beta
3.81894,34.8195,c6,6,3,alpha beta
3.81911,35.5101,c6,6,3,alpha beta
3.81927,35.7672,c6,6,3,alpha beta
3.81944,35.5847,c6,6,3,alpha beta
3.81961,34.9686,c6,6,3,alpha beta
3.81978,34.0071,c6,6,3,alpha beta
3.81995,32.8151,c6,6,3,alpha beta
3.82011,31.5198,c6,6,3,alpha beta
3.82028,30.2245,c6,6,3,alpha beta
3.82045,29.0728,c6,6,3,alpha beta
3.82062,28.1148,c6,6,3,alpha beta
3.82078,27.3916,c6,6,3,alpha beta
3.82095,26.9543,c6,6,3,alpha beta
3.82112,26.8411,c6,6,3,alpha beta
3.82129,27.0876,c6,6,3,alpha beta
3.82146,27.6846,c6,6,3,alpha beta
3.82162,28.6045,c6,6,3,alpha beta
3.82179,29.8139,c6,6,3,alpha beta
3.82196,31.2723,c6,6,3,alpha beta
3.82213,32.9204,c6,6,3,alpha beta
3.82229,34.6884,c6,6,3,alpha beta
3.82246,36.4945,c6,6,3,alpha beta
3.82263,38.2175,c6,6,3,alpha beta
3.8228,39.7134,c6,6,3,alpha beta
3.82296,40.868,c6,6,3,alpha beta
3.82313,41.6155,c6,6,3,alpha beta
3.8233,41.8926,c6,6,3,alpha beta
3.82347,41.6264,c6,6,3,alpha beta
3.82364,40.7606,c6,6,3,alpha beta
3.8238,39.3356,c6,6,3,alpha beta
3.82397,37.477,c6,6,3,alpha beta
3.82414,35.3128,c6,6,3,alpha beta
3.82431,32.9364,c6,6,3,alpha beta
3.82447,30.484,c6,6,3,alpha beta
3.82464,28.1146,c6,6,3,alpha beta
3.82481,25.951,c6,6,3,alpha beta
3.82498,24.0549,c6,6,3,alpha beta
3.82515,22.4517,c6,6,3,alpha beta
3.82531,21.1344,c6,6,3,alpha beta
3.82548,20.0986,c6,6,3,alpha beta
3.82565,19.3487,c6,6,3,alpha beta
3.82582,18.8444,c6,6,3,alpha beta
3.82598,18.5153,c6,6,3,alpha beta
3.82615,18.2607,c6,6,3,alpha beta
3.82632,17.9783,c6,6,3,alpha beta
3.82649,17.6072,c6,6,3,alpha beta
3.82666,17.1161,c6,6,3,alpha beta
3.82682,16.4976,c6,6,3,alpha beta
3.82699,15.7592,c6,6,3,alpha beta
3.82716,14.9695,c6,6,3,alpha beta
3.82733,14.1798,c6,6,3,alpha beta
3.82749,13.4832,c6,6,3,alpha beta
3.82766,12.9249,c6,6,3,alpha beta
3.82783,12.5241,c6,6,3,alpha beta
3.828,12.2985,c6,6,3,alpha beta
3.82817,12.2448,c6,6,3,alpha beta
3.82833,12.3663,c6,6,3,alpha beta
3.8285,12.6331,c6,6,3,alpha beta
3.82867,13.0014,c6,6,3,alpha beta
3.82884,13.454,c6,6,3,alpha beta
3.829,13.9711,c6,6,3,alpha beta
3.82917,14.5315,c6,6,3,alpha beta
3.82934,15.0918,c6,6,3,alpha beta
3.82951,15.5536,c6,6,3,alpha beta
3.82968,15.8586,c6,6,3,alpha beta
3.82984,15.945,c6,6,3,alpha beta
3.83001,15.8193,c6,6,3,alpha beta
3.83018,15.4783,c6,6,3,alpha beta
3.83035,14.962,c6,6,3,alpha beta
3.83051,14.3234,c6,6,3,alpha beta
3.83068,13.6203,c6,6,3,alpha beta
3.83085,12.9275,c6,6,3,alpha beta
3.83102,12.3178,c6,6,3,alpha beta
3.83119,11.8372,c6,6,3,alpha beta
3.83135,11.5319,c6,6,3,alpha beta
3.83152,11.4067,c6,6,3,alpha beta
3.83169,11.4568,c6,6,3,alpha beta
3.83186,11.6511,c6,6,3,alpha beta
3.83202,11.9468,c6,6,3,alpha beta
3.83219,12.3295,c6,6,3,alpha beta
3.83236,12.7584,c6,6,3,alpha beta
3.83253,13.211,c6,6,3,alpha beta
3.8327,13.6635,c6,6,3,alpha beta
3.83286,14.0788,c6,6,3,alpha beta
3.83303,14.448,c6,6,3,alpha beta
3.8332,14.7406,c6,6,3,alpha beta
3.83337,14.9316,c6,6,3,alpha beta
3.83353,15.0374,c6,6,3,alpha beta
3.8337,15.097,c6,6,3,alpha beta
3.83387,15.1174,c6,6,3,alpha beta
3.83404,15.0917,c6,6,3,alpha beta
3.8342,15.0087,c6,6,3,alpha beta
3.83437,14.898,c6,6,3,alpha beta
3.83454,14.7539,c6,6,3,alpha beta
3.83471,14.6098,c6,6,3,alpha beta
3.83488,14.4179,c6,6,3,alpha beta
3.83504,14.226,c6,6,3,alpha beta
3.83521,14.0559,c6,6,3,alpha beta
3.83538,13.932,c6,6,3,alpha beta
3.83555,13.8242,c6,6,3,alpha beta
3.83571,13.7441,c6,6,3,alpha beta
3.83588,13.671,c6,6,3,alpha beta
3.83605,13.5517,c6,6,3,alpha beta
3.83622,13.3367,c6,6,3,alpha beta
3.83639,13.0202,c6,6,3,alpha beta
3.83655,12.6409,c6,6,3,alpha beta
3.83672,12.2615,c6,6,3,alpha beta
3.83689,11.8987,c6,6,3,alpha beta
3.83706,11.582,c6,6,3,alpha beta
3.83722,11.342,c6,6,3,alpha beta
3.83739,11.2034,c6,6,3,alpha beta
3.83756,11.1254,c6,6,3,alpha beta
3.83773,11.0935,c6,6,3,alpha beta
3.8379,11.0881,c6,6,3,alpha beta
3.83806,11.0827,c6,6,3,alpha beta
3.83823,11.0779,c6,6,3,alpha beta
3.8384,11.0731,c6,6,3,alpha beta
3.83857,11.0251,c6,6,3,alpha beta
3.83873,10.977,c6,6,3,alpha beta
3.8389,10.9763,c6,6,3,alpha beta
3.83907,11.0216,c6,6,3,alpha beta
3.83924,11.1287,c6,6,3,alpha beta
3.83941,11.3003,c6,6,3,alpha beta
3.83957,11.5425,c6,6,3,alpha beta
3.83974,11.8493,c6,6,3,alpha beta
3.83991,12.1884,c6,6,3,alpha beta
3.84008,12.5274,c6,6,3,alpha beta
3.84024,12.8971,c6,6,3,alpha beta
3.84041,13.2667,c6,6,3,alpha beta
3.84058,13.6807,c6,6,3,alpha beta
3.84075,14.0947,c6,6,3,alpha beta
3.84092,14.5186,c6,6,3,alpha beta
3.84108,14.9147,c6,6,3,alpha beta
3.84125,15.2434,c6,6,3,alpha beta
3.84142,15.4522,c6,6,3,alpha beta
3.84159,15.5053,c6,6,3,alpha beta
3.84175,15.3647,c6,6,3,alpha beta
3.84192,15.0223,c6,6,3,alpha beta
3.84209,14.5046,c6,6,3,alpha beta
3.84226,13.8445,c6,6,3,alpha beta
3.84243,13.1015,c6,6,3,alpha beta
3.84259,12.34,c6,6,3,alpha beta
3.84276,11.6061,c6,6,3,alpha beta
3.84293,10.9518,c6,6,3,alpha beta
3.8431,10.4175,c6,6,3,alpha beta
3.84326,10.0111,c6,6,3,alpha beta
3.84343,9.70621,c6,6,3,alpha beta
3.8436,9.446,c6,6,3,alpha beta
3.84377,9.21346,c6,6,3,alpha beta
3.84394,8.96709,c6,6,3,alpha beta
3.8441,8.67459,c6,6,3,alpha beta
3.84427,8.34058,c6,6,3,alpha beta
3.84444,7.96045,c6,6,3,alpha beta
3.84461,7.56186,c6,6,3,alpha beta
3.84477,7.19096,c6,6,3,alpha beta
3.84494,6.84451,c6,6,3,alpha beta
3.84511,6.52575,c6,6,3,alpha beta
3.84528,6.2508,c6,6,3,alpha beta
3.84544,6.05887,c6,6,3,alpha beta
3.84561,5.92806,c6,6,3,alpha beta
3.84578,5.84337,c6,6,3,alpha beta
3.84595,5.78866,c6,6,3,alpha beta
3.88135,8.10538,c4,4,1,beta P
3.88151,8.51794,c4,4,1,beta P
3.88168,8.99508,c4,4,1,beta P
3.88185,9.52122,c4,4,1,beta P
3.88202,10.0474,c4,4,1,beta P
3.88218,10.562,c4,4,1,beta P
3.88235,11.1043,c4,4,1,beta P
3.88252,11.7084,c4,4,1,beta P
3.88269,12.3125,c4,4,1,beta P
3.88286,12.9184,c4,4,1,beta P
3.88302,13.5242,c4,4,1,beta P
3.88319,14.1237,c4,4,1,beta P
3.88336,14.7232,c4,4,1,beta P
3.88353,15.3389,c4,4,1,beta P
3.88369,15.9822,c4,4,1,beta P
3.88386,16.6925,c4,4,1,beta P
3.88403,17.4673,c4,4,1,beta P
3.8842,18.3275,c4,4,1,beta P
3.88437,19.3076,c4,4,1,beta P
3.88453,20.4353,c4,4,1,beta P
3.8847,21.7567,c4,4,1,beta P
3.88487,23.3105,c4,4,1,beta P
3.88504,25.1133,c4,4,1,beta P
3.8852,27.1878,c4,4,1,beta P
3.88537,29.6127,c4,4,1,beta P
3.88554,32.428,c4,4,1,beta P
3.88571,35.6676,c4,4,1,beta P
3.88588,39.3581,c4,4,1,beta P
3.88604,43.4729,c4,4,1,beta P
3.88621,48.0029,c4,4,1,beta P
3.88638,52.8834,c4,4,1,beta P
3.88655,58.0311,c4,4,1,beta P
3.88671,63.2341,c4,4,1,beta P
3.88688,68.2573,c4,4,1,beta P
3.88705,72.7823,c4,4,1,beta P
3.88722,76.5025,c4,4,1,beta P
3.88739,79.0604,c4,4,1,beta P
3.88755,80.2253,c4,4,1,beta P
3.88772,79.8589,c4,4,1,beta P
3.88789,78.0142,c4,4,1,beta P
3.88806,74.8595,c4,4,1,beta P
3.88822,70.6383,c4,4,1,beta P
3.88839,65.6975,c4,4,1,beta P
3.88856,60.4442,c4,4,1,beta P
3.88873,55.191,c4,4,1,beta P
3.88889,50.2156,c4,4,1,beta P
3.88906,45.6646,c4,4,1,beta P
3.88923,41.6333,c4,4,1,beta P
3.8894,38.1739,c4,4,1,beta P
3.88957,35.2266,c4,4,1,beta P
3.88973,32.7773,c4,4,1,beta P
3.8899,30.7836,c4,4,1,beta P
3.89007,29.2142,c4,4,1,beta P
3.89024,28.0229,c4,4,1,beta P
3.8904,27.1823,c4,4,1,beta P
3.89057,26.6235,c4,4,1,beta P
3.89074,26.3414,c4,4,1,beta P
3.89091,26.3476,c4,4,1,beta P
3.89108,26.6675,c4,4,1,beta P
3.89124,27.2444,c4,4,1,beta P
3.89141,28.0982,c4,4,1,beta P
3.89158,29.2079,c4,4,1,beta P
3.89175,30.6313,c4,4,1,beta P
3.89191,32.4294,c4,4,1,beta P
3.89208,34.6149,c4,4,1,beta P
3.89225,37.2133,c4,4,1,beta P
3.89242,40.236,c4,4,1,beta P
3.89259,43.7072,c4,4,1,beta P
3.89275,47.6397,c4,4,1,beta P
3.89292,52.0104,c4,4,1,beta P
3.89309,56.7316,c4,4,1,beta P
3.89326,61.7569,c4,4,1,beta P
3.89342,66.9482,c4,4,1,beta P
3.89359,72.1003,c4,4,1,beta P
3.89376,76.9756,c4,4,1,beta P
3.89393,81.2433,c4,4,1,beta P
3.8941,84.5701,c4,4,1,beta P
3.89426,86.6515,c4,4,1,beta P
3.89443,87.2385,c4,4,1,beta P
3.8946,86.1777,c4,4,1,beta P
3.89477,83.5487,c4,4,1,beta P
3.89493,79.5061,c4,4,1,beta P
3.8951,74.338,c4,4,1,beta P
3.89527,68.4048,c4,4,1,beta P
3.89544,62.1211,c4,4,1,beta P
3.89561,55.8236,c4,4,1,beta P
3.89577,49.8397,c4,4,1,beta P
3.89594,44.3258,c4,4,1,beta P
3.89611,39.3839,c4,4,1,beta P
3.89628,35.0554,c4,4,1,beta P
3.89644,31.2988,c4,4,1,beta P
3.89661,28.0375,c4,4,1,beta P
3.89678,25.2374,c4,4,1,beta P
3.89695,22.834,c4,4,1,beta P
3.89712,20.7812,c4,4,1,beta P
3.89728,19.0402,c4,4,1,beta P
3.89745,17.5391,c4,4,1,beta P
3.89762,16.2548,c4,4,1,beta P
3.89779,15.1365,c4,4,1,beta P
3.89795,14.1612,c4,4,1,beta P
3.89812,13.315,c4,4,1,beta P
3.89829,12.5519,c4,4,1,beta P
3.89846,11.881,c4,4,1,beta P
3.89863,11.2681,c4,4,1,beta P
3.89879,10.7106,c4,4,1,beta P
3.89896,10.2014,c4,4,1,beta P
3.89913,9.74765,c4,4,1,beta P
3.8993,9.36594,c4,4,1,beta P
3.89946,9.03958,c4,4,1,beta P
3.89963,8.73801,c4,4,1,beta P
3.8998,8.46412,c4,4,1,beta P
3.89997,8.21645,c4,4,1,beta P
3.90013,8.02414,c4,4,1,beta P
3.9003,7.86988,c4,4,1,beta P
3.90047,7.74329,c4,4,1,beta P
3.90064,7.63688,c4,4,1,beta P
3.90081,7.53047,c4,4,1,beta P
3.90097,7.45519,c4,4,1,beta P
3.90114,7.37992,c4,4,1,beta P
3.90131,7.32057,c4,4,1,beta P
3.90148,7.2889,c4,4,1,beta P
3.90164,7.29527,c4,4,1,beta P
3.90181,7.357,c4,4,1,beta P
3.90198,7.43256,c4,4,1,beta P
3.90215,7.5358,c4,4,1,beta P
3.90232,7.65807,c4,4,1,beta P
3.90248,7.78033,c4,4,1,beta P
3.90265,7.9343,c4,4,1,beta P
3.90282,8.14363,c4,4,1,beta P
3.90299,8.39388,c4,4,1,beta P
3.90315,8.69949,c4,4,1,beta P
3.90332,9.04488,c4,4,1,beta P
3.90349,9.41794,c4,4,1,beta P
3.90366,9.83655,c4,4,1,beta P
3.90383,10.3105,c4,4,1,beta P
3.90399,10.8495,c4,4,1,beta P
3.90416,11.4807,c4,4,1,beta P
3.90433,12.2111,c4,4,1,beta P
3.9045,13.0706,c4,4,1,beta P
3.90466,14.0316,c4,4,1,beta P
3.90483,15.1217,c4,4,1,beta P
3.905,16.3525,c4,4,1,beta P
3.90517,17.7494,c4,4,1,beta P
3.90534,19.3371,c4,4,1,beta P
3.9055,21.1277,c4,4,1,beta P
3.90567,23.1467,c4,4,1,beta P
3.90584,25.4055,c4,4,1,beta P
3.90601,27.9261,c4,4,1,beta P
3.90617,30.6865,c4,4,1,beta P
3.90634,33.6429,c4,4,1,beta P
3.90651,36.7654,c4,4,1,beta P
3.90668,39.9338,c4,4,1,beta P
3.90685,43.01,c4,4,1,beta P
3.90701,45.8117,c4,4,1,beta P
3.90718,48.1523,c4,4,1,beta P
3.90735,49.8378,c4,4,1,beta P
3.90752,50.6931,c4,4,1,beta P
3.90768,50.6191,c4,4,1,beta P
3.90785,49.6041,c4,4,1,beta P
3.90802,47.7255,c4,4,1,beta P
3.90819,45.1642,c4,4,1,beta P
3.90836,42.1024,c4,4,1,beta P
3.90852,38.8009,c4,4,1,beta P
3.90869,35.4647,c4,4,1,beta P
3.90886,32.2577,c4,4,1,beta P
3.90903,29.2975,c4,4,1,beta P
3.90919,26.6508,c4,4,1,beta P
3.90936,24.3906,c4,4,1,beta P
3.90953,22.4809,c4,4,1,beta P
3.9097,20.9056,c4,4,1,beta P
3.90987,19.6439,c4,4,1,beta P
3.91003,18.6555,c4,4,1,beta P
3.9102,17.907,c4,4,1,beta P
3.91037,17.3383,c4,4,1,beta P
3.91054,16.9726,c4,4,1,beta P
3.9107,16.7962,c4,4,1,beta P
3.91087,16.8229,c4,4,1,beta P
3.91104,17.0086,c4,4,1,beta P
3.91121,17.3604,c4,4,1,beta P
3.91137,17.8955,c4,4,1,beta P
3.91154,18.6336,c4,4,1,beta P
3.91171,19.57,c4,4,1,beta P
3.91188,20.6725,c4,4,1,beta P
3.91205,21.9859,c4,4,1,beta P
3.91221,23.5761,c4,4,1,beta P
3.91238,25.4477,c4,4,1,beta P
3.91255,27.596,c4,4,1,beta P
3.91272,30.0798,c4,4,1,beta P
3.91288,32.8773,c4,4,1,beta P
3.91305,35.9838,c4,4,1,beta P
3.91322,39.3302,c4,4,1,beta P
3.91339,42.8337,c4,4,1,beta P
3.91356,46.3925,c4,4,1,beta P
3.91372,49.8314,c4,4,1,beta P
3.91389,52.9566,c4,4,1,beta P
3.91406,55.5238,c4,4,1,beta P
3.91423,57.2976,c4,4,1,beta P
3.91439,58.0798,c4,4,1,beta P
3.91456,57.7365,c4,4,1,beta P
3.91473,56.206,c4,4,1,beta P
3.9149,53.587,c4,4,1,beta P
3.91507,50.1216,c4,4,1,beta P
3.91523,46.0843,c4,4,1,beta P
3.9154,41.7517,c4,4,1,beta P
3.91557,37.3639,c4,4,1,beta P
3.91574,33.1097,c4,4,1,beta P
3.9159,29.1324,c4,4,1,beta P
3.91607,25.5381,c4,4,1,beta P
3.91624,22.3682,c4,4,1,beta P
3.91641,19.6157,c4,4,1,beta P
3.91658,17.2506,c4,4,1,beta P
3.91674,15.22,c4,4,1,beta P
3.91691,13.4661,c4,4,1,beta P
3.91708,11.9681,c4,4,1,beta P
3.91725,10.6732,c4,4,1,beta P
3.91741,9.58818,c4,4,1,beta P
3.91758,8.70616,c4,4,1,beta P
3.91775,7.96019,c4,4,1,beta P
3.91792,7.30648,c4,4,1,beta P
3.91809,6.69889,c4,4,1,beta P
3.91825,6.14665,c4,4,1,beta P
3.91842,5.65956,c4,4,1,beta P
3.91859,5.22781,c4,4,1,beta P
3.91876,4.84537,c4,4,1,beta P
3.91892,4.49059,c4,4,1,beta P
3.91909,4.18828,c4,4,1,beta P
3.91926,3.88597,c4,4,1,beta P
3.98912,8.39725,c1,7,2,alpha F & P
3.98929,8.79295,c1,7,2,alpha F & P
3.98945,9.23717,c1,7,2,alpha F & P
3.98962,9.72744,c1,7,2,alpha F & P
3.98979,10.266,c1,7,2,alpha F & P
3.98996,10.827,c1,7,2,alpha F & P
3.99013,11.3894,c1,7,2,alpha F & P
3.99029,11.9538,c1,7,2,alpha F & P
3.99046,12.5182,c1,7,2,alpha F & P
3.99063,13.0826,c1,7,2,alpha F & P
3.9908,13.6321,c1,7,2,alpha F & P
3.99096,14.1379,c1,7,2,alpha F & P
3.99113,14.6003,c1,7,2,alpha F & P
3.9913,15.0353,c1,7,2,alpha F & P
3.99147,15.4554,c1,7,2,alpha F & P
3.99164,15.8886,c1,7,2,alpha F & P
3.9918,16.3604,c1,7,2,alpha F & P
3.99197,16.9022,c1,7,2,alpha F & P
3.99214,17.5316,c1,7,2,alpha F & P
3.99231,18.2626,c1,7,2,alpha F & P
3.99247,19.1248,c1,7,2,alpha F & P
3.99264,20.1347,c1,7,2,alpha F & P
3.99281,21.3136,c1,7,2,alpha F & P
3.99298,22.6781,c1,7,2,alpha F & P
3.99315,24.2343,c1,7,2,alpha F & P
3.99331,25.9782,c1,7,2,alpha F & P
3.99348,27.9192,c1,7,2,alpha F & P
3.99365,30.0396,c1,7,2,alpha F & P
3.99382,32.3178,c1,7,2,alpha F & P
3.99398,34.7196,c1,7,2,alpha F & P
3.99415,37.2125,c1,7,2,alpha F & P
3.99432,39.7685,c1,7,2,alpha F & P
3.99449,42.3242,c1,7,2,alpha F & P
3.99466,44.7872,c1,7,2,alpha F & P
3.99482,47.0618,c1,7,2,alpha F & P
3.99499,49.0933,c1,7,2,alpha F & P
3.99516,50.838,c1,7,2,alpha F & P
3.99533,52.2923,c1,7,2,alpha F & P
3.99549,53.4797,c1,7,2,alpha F & P
3.99566,54.4662,c1,7,2,alpha F & P
3.99583,55.3587,c1,7,2,alpha F & P
3.996,56.2638,c1,7,2,alpha F & P
3.99617,57.2847,c1,7,2,alpha F & P
3.99633,58.4922,c1,7,2,alpha F & P
3.9965,59.9725,c1,7,2,alpha F & P
3.99667,61.7687,c1,7,2,alpha F & P
3.99684,63.8665,c1,7,2,alpha F & P
3.997,66.2147,c1,7,2,alpha F & P
3.99717,68.7211,c1,7,2,alpha F & P
3.99734,71.2718,c1,7,2,alpha F & P
3.99751,73.7433,c1,7,2,alpha F & P
3.99768,76.0114,c1,7,2,alpha F & P
3.99784,77.9691,c1,7,2,alpha F & P
3.99801,79.5262,c1,7,2,alpha F & P
3.99818,80.6103,c1,7,2,alpha F & P
3.99835,81.2015,c1,7,2,alpha F & P
3.99851,81.3166,c1,7,2,alpha F & P
3.99868,81.0105,c1,7,2,alpha F & P
3.99885,80.356,c1,7,2,alpha F & P
3.99902,79.4454,c1,7,2,alpha F & P
3.99919,78.3846,c1,7,2,alpha F & P
3.99935,77.3017,c1,7,2,alpha F & P
3.99952,76.3153,c1,7,2,alpha F & P
3.99969,75.534,c1,7,2,alpha F & P
3.99986,75.0706,c1,7,2,alpha F & P
4.00002,75.018,c1,7,2,alpha F & P
4.00019,75.4374,c1,7,2,alpha F & P
4.00036,76.3483,c1,7,2,alpha F & P
4.00053,77.7253,c1,7,2,alpha F & P
4.00069,79.4944,c1,7,2,alpha F & P
4.00086,81.5371,c1,7,2,alpha F & P
4.00103,83.6774,c1,7,2,alpha F & P
4.0012,85.7315,c1,7,2,alpha F & P
4.00137,87.5043,c1,7,2,alpha F & P
4.00153,88.8245,c1,7,2,alpha F & P
4.0017,89.5594,c1,7,2,alpha F & P
4.00187,89.6385,c1,7,2,alpha F & P
4.00204,89.0425,c1,7,2,alpha F & P
4.0022,87.8099,c1,7,2,alpha F & P
4.00237,86.0511,c1,7,2,alpha F & P
4.00254,83.9128,c1,7,2,alpha F & P
4.00271,81.5808,c1,7,2,alpha F & P
4.00288,79.2349,c1,7,2,alpha F & P
4.00304,77.0596,c1,7,2,alpha F & P
4.00321,75.2193,c1,7,2,alpha F & P
4.00338,73.8288,c1,7,2,alpha F & P
4.00355,72.953,c1,7,2,alpha F & P
4.00371,72.6137,c1,7,2,alpha F & P
4.00388,72.765,c1,7,2,alpha F & P
4.00405,73.313,c1,7,2,alpha F & P
4.00422,74.1398,c1,7,2,alpha F & P
4.00439,75.0828,c1,7,2,alpha F & P
4.00455,75.9778,c1,7,2,alpha F & P
4.00472,76.6686,c1,7,2,alpha F & P
4.00489,77.0241,c1,7,2,alpha F & P
4.00506,76.9295,c1,7,2,alpha F & P
4.00522,76.3236,c1,7,2,alpha F & P
4.00539,75.2016,c1,7,2,alpha F & P
4.00556,73.6069,c1,7,2,alpha F & P
4.00573,71.6113,c1,7,2,alpha F & P
4.0059,69.3161,c1,7,2,alpha F & P
4.00606,66.8333,c1,7,2,alpha F & P
4.00623,64.2871,c1,7,2,alpha F & P
4.0064,61.8261,c1,7,2,alpha F & P
4.00657,59.5742,c1,7,2,alpha F & P
4.00673,57.6252,c1,7,2,alpha F & P
4.0069,56.0473,c1,7,2,alpha F & P
4.00707,54.8791,c1,7,2,alpha F & P
4.00724,54.1237,c1,7,2,alpha F & P
4.00741,53.7455,c1,7,2,alpha F & P
4.00757,53.6551,c1,7,2,alpha F & P
4.00774,53.7206,c1,7,2,alpha F & P
4.00791,53.8351,c1,7,2,alpha F & P
4.00808,53.8895,c1,7,2,alpha F & P
4.00824,53.7598,c1,7,2,alpha F & P
4.00841,53.3325,c1,7,2,alpha F & P
4.00858,52.5295,c1,7,2,alpha F & P
4.00875,51.3106,c1,7,2,alpha F & P
4.00892,49.68,c1,7,2,alpha F & P
4.00908,47.6737,c1,7,2,alpha F & P
4.00925,45.3715,c1,7,2,alpha F & P
4.00942,42.9025,c1,7,2,alpha F & P
4.00959,40.3776,c1,7,2,alpha F & P
4.00975,37.8879,c1,7,2,alpha F & P
4.00992,35.5319,c1,7,2,alpha F & P
4.01009,33.387,c1,7,1,alpha F & P
4.01026,31.5055,c1,7,1,alpha F & P
4.01043,29.927,c1,7,1,alpha F & P
4.01059,28.6702,c1,7,1,alpha F & P
4.01076,27.7381,c1,7,1,alpha F & P
4.01093,27.1098,c1,7,1,alpha F & P
4.0111,26.7661,c1,7,1,alpha F & P
4.01126,26.7129,c1,7,1,alpha F & P
4.01143,26.9864,c1,7,1,beta P
4.0116,27.6143,c1,7,1,beta P
4.01177,28.6137,c1,7,1,beta P
4.01194,30.0178,c1,7,1,beta P
4.0121,31.864,c1,7,1,beta P
4.01227,34.1949,c1,7,1,beta P
4.01244,37.066,c1,7,1,beta P
4.01261,40.5406,c1,7,1,beta P
4.01277,44.7239,c1,7,1,beta P
4.01294,49.7369,c1,7,1,beta P
4.01311,55.6708,c1,7,1,beta P
4.01328,62.5767,c1,7,1,beta P
4.01344,70.4368,c1,7,1,beta P
4.01361,79.1541,c1,7,1,beta P
4.01378,88.4795,c1,7,1,beta P
4.01395,98.0062,c1,7,1,beta P
4.01412,107.118,c1,7,1,beta P
4.01428,115.018,c1,7,1,beta P
4.01445,120.877,c1,7,1,beta P
4.01462,124.056,c1,7,1,beta P
4.01479,124.273,c1,7,1,beta P
4.01495,121.656,c1,7,1,beta P
4.01512,116.695,c1,7,1,beta P
4.01529,110.175,c1,7,1,beta P
4.01546,103.025,c1,7,1,beta P
4.01563,96.1349,c1,7,1,beta P
4.01579,90.1985,c1,7,1,beta P
4.01596,85.6365,c1,7,1,beta P
4.01613,82.613,c1,7,1,beta P
4.0163,81.0844,c1,7,1,beta P
4.01646,80.8241,c1,7,1,beta P
4.01663,81.4522,c1,7,1,beta P
4.0168,82.4425,c1,7,1,beta P
4.01697,83.1526,c1,7,1,beta P
4.01714,82.9388,c1,7,1,beta P
4.0173,81.2788,c1,7,1,beta P
4.01747,77.9193,c1,7,1,beta P
4.01764,72.8994,c1,7,1,beta P
4.01781,66.5071,c1,7,1,beta P
4.01797,59.2209,c1,7,1,beta P
4.01814,51.6272,c1,7,1,beta P
4.01831,44.294,c1,7,1,beta P
4.01848,37.6334,c1,7,1,beta P
4.01865,31.8576,c1,7,1,beta P
4.01881,27.0135,c1,7,1,beta P
4.01898,23.0351,c1,7,1,beta P
4.01915,19.8035,c1,7,1,beta P
4.01932,17.1863,c1,7,1,beta P
4.01948,15.0607,c1,7,1,beta P
4.01965,13.3363,c1,7,1,beta P
4.01982,11.9388,c1,7,1,beta P
4.01999,10.8092,c1,7,1,beta P
4.02016,9.88592,c1,7,1,beta P
4.02032,9.10329,c1,7,1,beta P
4.02049,8.4242,c1,7,1,beta P
4.02066,7.82517,c1,7,1,beta P
4.03652,10.0257,c2,2,1,beta P
4.03669,10.7413,c2,2,1,beta P
4.03686,11.587,c2,2,1,beta P
4.03703,12.571,c2,2,1,beta P
4.0372,13.6796,c2,2,1,beta P
4.03736,14.945,c2,2,1,beta P
4.03753,16.4272,c2,2,1,beta P
4.0377,18.1953,c2,2,1,beta P
4.03787,20.2886,c2,2,1,beta P
4.03803,22.7602,c2,2,1,beta P
4.0382,25.6786,c2,2,1,beta P
4.03837,29.1413,c2,2,1,beta P
4.03854,33.2533,c2,2,1,beta P
4.03871,38.0755,c2,2,1,beta P
4.03887,43.6714,c2,2,1,beta P
4.03904,50.0515,c2,2,1,beta P
4.03921,57.1476,c2,2,1,beta P
4.03938,64.7142,c2,2,1,beta P
4.03954,72.3087,c2,2,1,beta P
4.03971,79.359,c2,2,1,beta P
4.03988,85.142,c2,2,1,beta P
4.04005,88.9602,c2,2,1,beta P
4.04022,90.3834,c2,2,1,beta P
4.04038,89.362,c2,2,1,beta P
4.04055,86.2478,c2,2,1,beta P
4.04072,81.7037,c2,2,1,beta P
4.04089,76.5168,c2,2,1,beta P
4.04105,71.5051,c2,2,1,beta P
4.04122,67.3629,c2,2,1,beta P
4.04139,64.5398,c2,2,1,beta P
4.04156,63.2411,c2,2,1,beta P
4.04173,63.4276,c2,2,1,beta P
4.04189,64.9044,c2,2,1,beta P
4.04206,67.3499,c2,2,1,beta P
4.04223,70.285,c2,2,1,beta P
4.0424,73.1556,c2,2,1,beta P
4.04256,75.3079,c2,2,1,beta P
4.04273,76.0856,c2,2,1,beta P
4.0429,75.0484,c2,2,1,beta P
4.04307,72.0647,c2,2,1,beta P
4.04324,67.3157,c2,2,1,beta P
4.0434,61.2291,c2,2,1,beta P
4.04357,54.3688,c2,2,1,beta P
4.04374,47.3148,c2,2,1,beta P
4.04391,40.624,c2,2,1,beta P
4.04407,34.662,c2,2,1,beta P
4.04424,29.5752,c2,2,1,beta P
4.04441,25.3832,c2,2,1,beta P
4.04458,21.988,c2,2,1,beta P
4.04474,19.2846,c2,2,1,beta P
4.04491,17.1327,c2,2,1,beta P
4.04508,15.4512,c2,2,1,beta P
4.04525,14.1526,c2,2,1,beta P
4.04542,13.1584,c2,2,1,beta P
4.04558,12.3868,c2,2,1,beta P
4.04575,11.7719,c2,2,1,beta P
4.04592,11.2459,c2,2,1,beta P
4.04609,10.7475,c2,2,1,beta P
4.04625,10.2529,c2,2,1,beta P
4.10447,7.18015,c3,4,3,alpha beta
4.10464,7.50366,c3,4,3,alpha beta
4.1048,7.85485,c3,4,3,alpha beta
4.10497,8.21296,c3,4,3,alpha beta
4.10514,8.62641,c3,4,3,alpha beta
4.10531,9.10782,c3,4,3,alpha beta
4.10547,9.68148,c3,4,3,alpha beta
4.10564,10.3174,c3,4,3,alpha beta
4.10581,11.0087,c3,4,3,alpha beta
4.10598,11.7726,c3,4,3,alpha beta
4.10615,12.5918,c3,4,3,alpha beta
4.10631,13.4907,c3,4,3,alpha beta
4.10648,14.4449,c3,4,3,alpha beta
4.10665,15.4281,c3,4,3,alpha beta
4.10682,16.4114,c3,4,3,alpha beta
4.10698,17.3521,c3,4,3,alpha beta
4.10715,18.2004,c3,4,3,alpha beta
4.10732,18.8943,c3,4,3,alpha beta
4.10749,19.3483,c3,4,3,alpha beta
4.10766,19.5694,c3,4,3,alpha beta
4.10782,19.5507,c3,4,3,alpha beta
4.10799,19.3734,c3,4,3,alpha beta
4.10816,19.0669,c3,4,3,alpha beta
4.10833,18.6855,c3,4,3,alpha beta
4.10849,18.3041,c3,4,3,alpha beta
4.10866,17.9793,c3,4,3,alpha beta
4.10883,17.7466,c3,4,3,alpha beta
4.109,17.6673,c3,4,3,alpha beta
4.10917,17.7541,c3,4,3,alpha beta
4.10933,18.0461,c3,4,3,alpha beta
4.1095,18.5411,c3,4,3,alpha beta
4.10967,19.2643,c3,4,3,alpha beta
4.10984,20.2274,c3,4,3,alpha beta
4.11,21.4177,c3,4,3,alpha beta
4.11017,22.8478,c3,4,3,alpha beta
4.11034,24.5086,c3,4,3,alpha beta
4.11051,26.446,c3,4,3,alpha beta
4.11067,28.6637,c3,4,3,alpha beta
4.11084,31.1581,c3,4,3,alpha beta
4.11101,33.8924,c3,4,3,alpha beta
4.11118,36.8296,c3,4,3,alpha beta
4.11135,39.9133,c3,4,3,alpha beta
4.11151,43.0523,c3,4,3,alpha beta
4.11168,46.1014,c3,4,3,alpha beta
4.11185,48.9106,c3,4,3,alpha beta
4.11202,51.3874,c3,4,3,alpha beta
4.11218,53.3661,c3,4,3,alpha beta
4.11235,54.7545,c3,4,3,alpha beta
4.11252,55.4971,c3,4,3,alpha beta
4.11269,55.6712,c3,4,3,alpha beta
4.11286,55.3841,c3,4,3,alpha beta
4.11302,54.7441,c3,4,3,alpha beta
4.11319,53.9012,c3,4,3,alpha beta
4.11336,53.0448,c3,4,3,alpha beta
4.11353,52.2807,c3,4,3,alpha beta
4.11369,51.6872,c3,4,3,alpha beta
4.11386,51.2966,c3,4,3,alpha beta
4.11403,51.0923,c3,4,3,alpha beta
4.1142,51.0172,c3,4,3,alpha beta
4.11437,50.9558,c3,4,3,alpha beta
4.11453,50.7284,c3,4,3,alpha beta
4.1147,50.2425,c3,4,3,alpha beta
4.11487,49.4429,c3,4,3,alpha beta
4.11504,48.2674,c3,4,3,alpha beta
4.1152,46.7782,c3,4,3,alpha beta
4.11537,45.0216,c3,4,3,alpha beta
4.11554,43.1358,c3,4,3,alpha beta
4.11571,41.2499,c3,4,3,alpha beta
4.11588,39.4933,c3,4,3,alpha beta
4.11604,37.9842,c3,4,3,alpha beta
4.11621,36.7888,c3,4,3,alpha beta
4.11638,35.9417,c3,4,3,alpha beta
4.11655,35.445,c3,4,3,alpha beta
4.11671,35.2684,c3,4,3,alpha beta
4.11688,35.4423,c3,4,3,alpha beta
4.11705,35.9137,c3,4,3,alpha beta
4.11722,36.588,c3,4,3,alpha beta
4.11739,37.4059,c3,4,3,alpha beta
4.11755,38.316,c3,4,3,alpha beta
4.11772,39.2948,c3,4,3,alpha beta
4.11789,40.3012,c3,4,3,alpha beta
4.11806,41.3566,c3,4,3,alpha beta
4.11822,42.4674,c3,4,3,alpha beta
4.11839,43.6664,c3,4,3,alpha beta
4.11856,44.9576,c3,4,3,alpha beta
4.11873,46.3896,c3,4,3,alpha beta
4.1189,48.0245,c3,4,3,alpha beta
4.11906,49.9131,c3,4,3,alpha beta
4.11923,52.0415,c3,4,3,alpha beta
4.1194,54.3763,c3,4,3,alpha beta
4.11957,56.8403,c3,4,3,alpha beta
4.11973,59.3757,c3,4,3,alpha beta
4.1199,61.8559,c3,4,3,alpha beta
4.12007,64.1149,c3,4,3,alpha beta
4.12024,66.0233,c3,4,3,alpha beta
4.12041,67.4221,c3,4,3,alpha beta
4.12057,68.2121,c3,4,3,alpha beta
4.12074,68.3425,c3,4,3,alpha beta
4.12091,67.8272,c3,4,3,alpha beta
4.12108,66.6667,c3,4,3,alpha beta
4.12124,64.8974,c3,4,3,alpha beta
4.12141,62.553,c3,4,3,alpha beta
4.12158,59.7197,c3,4,3,alpha beta
4.12175,56.4765,c3,4,3,alpha beta
4.12191,52.9105,c3,4,3,alpha beta
4.12208,49.1207,c3,4,3,alpha beta
4.12225,45.211,c3,4,3,alpha beta
4.12242,41.2829,c3,4,3,alpha beta
4.12259,37.4562,c3,4,3,alpha beta
4.12275,33.8578,c3,4,3,alpha beta
4.12292,30.5639,c3,4,3,alpha beta
4.12309,27.6055,c3,4,3,alpha beta
4.12326,24.9884,c3,4,3,alpha beta
4.12342,22.7058,c3,4,3,alpha beta
4.12359,20.7275,c3,4,3,alpha beta
4.12376,19.0225,c3,4,3,alpha beta
4.12393,17.5482,c3,4,3,alpha beta
4.1241,16.2477,c3,4,3,alpha beta
4.12426,15.0855,c3,4,3,alpha beta
4.12443,14.056,c3,4,3,alpha beta
4.1246,13.1279,c3,4,3,alpha beta
4.12477,12.2747,c3,4,3,alpha beta
4.12493,11.4862,c3,4,3,alpha beta
4.1251,10.7351,c3,4,3,alpha beta
4.12527,10.0117,c3,4,3,alpha beta
4.12544,9.30445,c3,4,3,alpha beta
4.12561,8.59719,c3,4,3,alpha beta
4.12577,7.92395,c3,4,3,alpha beta
4.12594,7.31527,c3,4,3,alpha beta
4.12611,6.76022,c3,4,3,alpha beta
4.12628,6.26974,c3,4,3,alpha beta
4.12644,5.82423,c3,4,3,alpha beta
